municipio;perc_abst;1rpartit;2npartit;Nom comarca;PSC.perc;Poblacio
Abrera;46.39;PSC;ERC;Baix Llobregat;33.61224489795918;12538
Aguilar de Segarra;22.02;JxCat;CUP-G;Bages;3.5502958579881656;282
Alella;37.47;JxCat;ERC;Maresme;16.42156862745098;9904
Alpens;16.04;JxCat;ERC;Osona;3.4090909090909087;261
L'Ametlla del Vallès;40.51;JxCat;ERC;Vallès Oriental;12.939338713876595;8646
Arenys de Mar;45.64;JxCat;ERC;Maresme;14.92819946346852;15941
Arenys de Munt;43.37;JxCat;ERC;Maresme;10.663568293312679;9121
Argençola;33.9;JxCat;ERC;Anoia;4.310344827586207;219
Argentona;43.29;JxCat;ERC;Maresme;15.946045824094604;12536
Artés;41.69;JxCat;ERC;Bages;11.911584117887843;5762
Avià;35.93;JxCat;ERC;Berguedà;6;2220
Avinyó;37.62;JxCat;ERC;Bages;7.786116322701689;2289
Avinyonet del Penedès;37.16;JxCat;ERC;Alt Penedès;11.45703611457036;1697
Aiguafreda;39.94;JxCat;ERC;Vallès Oriental;11.604938271604938;2512
Badalona;54.25;PSC;ERC;Barcelonès;30.164299161389696;223166
Bagà;37.12;JxCat;ERC;Berguedà;16.456834532374103;2140
Balenyà;45.72;JxCat;ERC;Osona;13.618421052631579;3840
Balsareny;45.98;JxCat;ERC;Bages;17.105263157894736;3192
Barcelona;42.87;PSC;ERC;Barcelonès;23.562763203647183;1664182
Begues;36.73;ERC;JxCat;Baix Llobregat;18.394549763033176;7300
Bellprat;35.94;JxCat;ERC;Anoia;7.6923076923076925;64
Berga;46.91;JxCat;ERC;Berguedà;10.704755925286454;16760
Bigues i Riells;49.63;ERC;JxCat;Vallès Oriental;17.37193763919822;9358
Borredà;36.09;JxCat;ERC;Berguedà;10.869565217391305;464
El Bruc;45.26;ERC;PSC;Anoia;15.49942594718714;2110
El Brull;24.38;JxCat;ERC;Osona;2.631578947368421;258
Les Cabanyes;33.29;JxCat;ERC;Alt Penedès;13.29243353783231;979
Cabrera d'Anoia;54.73;ERC;PSC;Anoia;23.643410852713178;1482
Cabrera de Mar;33.41;JxCat;ERC;Maresme;14.380714879467996;4747
Cabrils;36.57;JxCat;ERC;Maresme;13.15552891818999;7432
Calaf;41.27;JxCat;ERC;Anoia;16.955538809344386;3656
Caldes d'Estrac;41.17;JxCat;ERC;Maresme;18.2975338106603;3021
Caldes de Montbui;44.41;ERC;JxCat;Vallès Oriental;18.74062968515742;17812
Calders;33.45;JxCat;ERC;Moianès;6;1045
Calella;46.65;JxCat;ERC;Maresme;17.527272727272727;19277
Calonge de Segarra;24.53;JxCat;ERC;Anoia;7.6923076923076925;188
Calldetenes;33.52;JxCat;ERC;Osona;4.765625;2513
Callús;39.61;ERC;JxCat;Bages;11.03825136612022;2129
Campins;29.78;JxCat;ERC;Vallès Oriental;11.228070175438596;541
Canet de Mar;47.16;JxCat;ERC;Maresme;16.735324407826983;14865
Canovelles;54.9;PSC;ERC;Vallès Oriental;36.752674638137194;16829
Cànoves i Samalús;47.55;ERC;PSC;Vallès Oriental;21.200311769290725;3156
Canyelles;51.98;PSC;ERC;Garraf;23.962040332147094;4699
Capellades;48.6;ERC;JxCat;Anoia;19.22152811148486;5342
Capolat;34.92;JxCat;CUP-G;Berguedà;0;84
Cardedeu;41.44;JxCat;ERC;Vallès Oriental;16.612008072653886;18424
Cardona;47.87;ERC;PSC;Bages;21.314102564102562;4639
Carme;34.49;JxCat;ERC;Anoia;9.703504043126685;785
Casserres;40.9;JxCat;ERC;Berguedà;5.6430446194225725;1588
Castellar del Riu;24.62;JxCat;ERC;Berguedà;2.083333333333333;176
Castellar del Vallès;44.74;ERC;JxCat;Vallès Occidental;21.786513574000193;24488
Castellar de n'Hug;28.87;JxCat;ERC;Berguedà;7.216494845360824;156
Castellbell i el Vilar;53.75;ERC;JxCat;Bages;20.193740685543965;3719
Castellbisbal;46.39;PSC;ERC;Vallès Occidental;24.24918831168831;12539
Castellcir;37.27;ERC;JxCat;Moianès;5.970149253731343;742
Castelldefels;47.86;PSC;ERC;Baix Llobregat;28.888386805241755;67460
Castell de l'Areny;27.42;JxCat;ERC;Berguedà;2.272727272727273;67
Castellet i la Gornal;50.32;ERC;PSC;Alt Penedès;22.577092511013216;2382
Castellfollit del Boix;37.11;JxCat;ERC;Bages;5.529953917050691;447
Castellfollit de Riubregós;23.19;JxCat;ERC;Anoia;9.803921568627452;162
Castellgalí;50.69;PSC;ERC;Bages;23.34152334152334;2119
Castellnou de Bages;35.44;JxCat;ERC;Bages;13.253012048192772;1437
Castellolí;25.71;ERC;JxCat;Anoia;7.5418994413407825;626
Castellterçol;39.91;JxCat;ERC;Moianès;11.499148211243613;2548
Castellví de la Marca;36.5;JxCat;ERC;Alt Penedès;10.394736842105264;1575
Castellví de Rosanes;37.83;ERC;PSC;Baix Llobregat;23.227917121046893;1933
Centelles;41.53;JxCat;ERC;Osona;12.511170688114387;7513
Cervelló;44.73;ERC;PSC;Baix Llobregat;22.616525423728813;9077
Collbató;42.62;ERC;JxCat;Baix Llobregat;15.656565656565657;4544
Collsuspina;23.88;JxCat;ERC;Moianès;6.944444444444445;359
Copons;28.97;JxCat;ERC;Anoia;11.864406779661017;321
Corbera de Llobregat;48.31;ERC;JxCat;Baix Llobregat;18.364392979916772;14882
Cornellà de Llobregat;49.89;PSC;ERC;Baix Llobregat;40.0965250965251;89936
Cubelles;51.73;PSC;ERC;Garraf;27.23427730783376;15770
Dosrius;49.29;ERC;JxCat;Maresme;18.85633270321361;5652
Esparreguera;50.32;PSC;ERC;Baix Llobregat;26.08695652173913;22302
Esplugues de Llobregat;44.3;PSC;ERC;Baix Llobregat;34.42674823330872;47150
L'Espunyola;36.36;JxCat;ERC;Berguedà;0.7299270072992701;242
L'Estany;26.33;ERC;JxCat;Moianès;6.557377049180328;408
Fígols;28.95;ERC;JxCat;Berguedà;3.7037037037037033;43
Fogars de Montclús;31.07;JxCat;ERC;Vallès Oriental;4.11522633744856;475
Fogars de la Selva;51.49;PSC;JxCat;Selva;22.719449225473323;1469
Folgueroles;23.13;JxCat;ERC;Osona;5.380476556495004;2265
Fonollosa;37.93;JxCat;ERC;Bages;10.733695652173914;1459
Font-rubí;36.36;JxCat;ERC;Alt Penedès;8.634222919937205;1414
Les Franqueses del Vallès;50.71;PSC;ERC;Vallès Oriental;24.80508229858504;20364
Gallifa;22.52;JxCat;ERC;Vallès Occidental;8.547008547008547;167
La Garriga;39.72;JxCat;ERC;Vallès Oriental;14.608413363992966;16668
Gavà;50.79;PSC;ERC;Baix Llobregat;33.502201314757855;47057
Gaià;26.81;JxCat;ERC;Bages;5.1020408163265305;183
Gelida;45.03;ERC;PSC;Alt Penedès;21.859380206597802;7670
Gironella;41.2;JxCat;ERC;Berguedà;9.700093720712278;4946
Gisclareny;16;JxCat;ERC;Berguedà;0;26
La Granada;37.58;ERC;JxCat;Alt Penedès;13.645418326693227;2208
Granera;28;JxCat;ERC;Moianès;7.4074074074074066;77
Granollers;45.06;PSC;ERC;Vallès Oriental;26.101353900322756;62419
Gualba;35.15;JxCat;ERC;Vallès Oriental;12.813370473537605;1548
Sant Salvador de Guardiola;43.61;JxCat;ERC;Bages;14.533622559652928;3221
Guardiola de Berguedà;38.71;JxCat;ERC;Berguedà;16.411378555798688;941
Gurb;26.72;JxCat;ERC;Osona;6.432748538011696;2713
L'Hospitalet de Llobregat;52.97;PSC;ERC;Barcelonès;38.946555493016746;269382
Igualada;43.7;JxCat;ERC;Anoia;16.266219656050165;40742
Jorba;41.38;JxCat;ERC;Anoia;10.666666666666668;833
La Llacuna;36.15;JxCat;ERC;Anoia;4.460093896713615;903
La Llagosta;52.03;PSC;ERC;Vallès Oriental;44.666374012291485;13587
Llinars del Vallès;46.54;ERC;JxCat;Vallès Oriental;19.4048512128032;10018
Lliçà d'Amunt;54.09;PSC;ERC;Vallès Oriental;25.684745147832395;15469
Lliçà de Vall;46.18;PSC;ERC;Vallès Oriental;23.869346733668344;6497
Lluçà;21.36;JxCat;ERC;Osona;3.1446540880503147;276
Malgrat de Mar;50.43;PSC;ERC;Maresme;24.844352208716277;18772
Malla;14.09;JxCat;ERC;Osona;6.417112299465241;272
Manlleu;47.41;JxCat;ERC;Osona;14.878376361737052;20912
Manresa;47.18;JxCat;ERC;Bages;15.683378867311525;78245
Martorell;48.58;PSC;ERC;Baix Llobregat;30.129139762549467;28772
Martorelles;50.42;ERC;PSC;Vallès Oriental;24.57264957264957;4820
Les Masies de Roda;31.35;JxCat;ERC;Osona;3.6939313984168867;719
Les Masies de Voltregà;37.07;JxCat;ERC;Osona;13.043478260869565;3132
El Masnou;39.14;ERC;JxCat;Maresme;17.81261805817907;23831
Masquefa;53.55;PSC;ERC;Anoia;24.459335973195248;9402
Matadepera;32.91;JxCat;ERC;Vallès Occidental;7.589193648174882;9496
Mataró;50.1;PSC;ERC;Maresme;24.71829519424327;129661
Mediona;52.26;ERC;JxCat;Alt Penedès;14.779499404052443;2369
Molins de Rei;38.51;ERC;PSC;Baix Llobregat;22.776937300386617;25940
Mollet del Vallès;50;PSC;ERC;Vallès Oriental;33.61161128389807;51600
Montcada i Reixac;51.16;PSC;ERC;Vallès Occidental;31.043113192313903;36803
Montgat;46.3;ERC;PSC;Maresme;22.719594594594593;12200
Monistrol de Montserrat;51.49;ERC;JxCat;Bages;18.24884792626728;3139
Monistrol de Calders;40.37;JxCat;ERC;Moianès;7.1022727272727275;702
Muntanyola;29.56;JxCat;ERC;Osona;5.3977272727272725;632
Montclar;35.51;JxCat;ERC;Berguedà;1.5151515151515151;139
Montesquiu;36.55;JxCat;ERC;Osona;7.675906183368871;1030
Montmajor;43.3;JxCat;ERC;Berguedà;9.230769230769232;469
Montmaneu;33.33;JxCat;ERC;Anoia;4.651162790697675;151
Figaró-Montmany;39.79;ERC;JxCat;Vallès Oriental;14.901960784313726;1142
Montmeló;42.22;PSC;ERC;Vallès Oriental;35.12886597938144;8831
Montornès del Vallès;52.12;PSC;ERC;Vallès Oriental;34.3042071197411;16644
Montseny;30.88;JxCat;ERC;Vallès Oriental;10.416666666666668;351
Moià;43.13;ERC;JxCat;Moianès;11.496492595479344;6383
Mura;21.2;ERC;JxCat;Bages;12.587412587412588;220
Navarcles;45.22;JxCat;ERC;Bages;17.656070471083876;6057
Navàs;41.34;JxCat;ERC;Bages;13.24200913242009;6018
La Nou de Berguedà;21.68;JxCat;CUP-G;Berguedà;11.711711711711711;162
Òdena;45.22;PSC;ERC;Anoia;24.236252545824847;3668
Olvan;36.68;JxCat;ERC;Berguedà;8.2039911308204;858
Olèrdola;38.97;JxCat;ERC;Alt Penedès;18.089552238805968;3768
Olesa de Bonesvalls;43.61;ERC;PSC;Alt Penedès;22.040302267002517;1840
Olesa de Montserrat;48.58;ERC;PSC;Baix Llobregat;23.252142534957148;24144
Olivella;50.1;PSC;ERC;Garraf;22.51876563803169;3935
Olost;41.12;JxCat;ERC;Osona;5.913978494623656;1202
Orís;32.83;JxCat;ERC;Osona;7.55813953488372;322
Oristà;33.18;JxCat;ERC;Osona;6.440677966101695;549
Orpí;26.96;JxCat;ERC;Anoia;4.761904761904762;151
Òrrius;29.17;JxCat;ERC;Maresme;7.451923076923077;758
Pacs del Penedès;36.48;JxCat;ERC;Alt Penedès;13.958810068649885;918
Palafolls;48.5;PSC;ERC;Maresme;24.86218302094818;9613
Palau-solità i Plegamans;45.02;ERC;PSC;Vallès Occidental;21.85203331700147;14892
Pallejà;41.72;PSC;ERC;Baix Llobregat;28.786057692307693;11622
El Papiol;43.32;ERC;PSC;Baix Llobregat;22.109419063733785;4172
Parets del Vallès;47.35;PSC;ERC;Vallès Oriental;28.933189655172413;19071
Perafita;36.17;JxCat;ERC;Osona;3.4482758620689653;405
Piera;57.01;ERC;PSC;Anoia;22;16134
Els Hostalets de Pierola;46.93;ERC;JxCat;Anoia;16.24007060900265;2980
Pineda de Mar;52.18;PSC;ERC;Maresme;26.677958924412447;27984
El Pla del Penedès;35.91;ERC;JxCat;Alt Penedès;10.16949152542373;1275
La Pobla de Claramunt;44.74;JxCat;ERC;Anoia;20.9070796460177;2185
La Pobla de Lillet;41.37;JxCat;ERC;Berguedà;9.778597785977858;1093
Polinyà;51.38;PSC;ERC;Vallès Occidental;32.27350427350427;8504
Pontons;45.29;JxCat;ERC;Alt Penedès;7.317073170731707;528
El Prat de Llobregat;51.88;PSC;ERC;Baix Llobregat;35.847996195581686;65385
Els Prats de Rei;39.28;JxCat;ERC;Anoia;11.96911196911197;537
Prats de Lluçanès;39.57;JxCat;ERC;Osona;5.718954248366013;2604
Premià de Mar;45.75;ERC;PSC;Maresme;21.38518719970991;28531
Puigdàlber;31.02;JxCat;ERC;Alt Penedès;8;524
Puig-reig;43.89;JxCat;ERC;Berguedà;9.45945945945946;4295
Pujalt;28.21;JxCat;ERC;Anoia;4.672897196261682;210
La Quar;42.86;CUP-G;ERC;Berguedà;5;49
Rajadell;29.02;ERC;JxCat;Bages;8.38709677419355;534
Rellinars;43.39;ERC;JxCat;Vallès Occidental;11.924119241192411;809
Ripollet;52.53;PSC;ERC;Vallès Occidental;33.96285312938973;39179
La Roca del Vallès;41.88;PSC;ERC;Vallès Oriental;25.934629352702416;10754
El Pont de Vilomara i Rocafort;53.94;PSC;ERC;Bages;26.939970717423133;3907
Roda de Ter;42.94;JxCat;ERC;Osona;9.713622291021672;6490
Rubí;53.83;PSC;ERC;Vallès Occidental;29.266259032796;78591
Rubió;39.09;ERC;JxCat;Anoia;5.932203389830509;239
Sabadell;47.28;PSC;ERC;Vallès Occidental;27.0053142386667;216520
Sagàs;23.93;JxCat;ERC;Berguedà;3.4090909090909087;145
Sant Pere Sallavinera;15.45;JxCat;ERC;Anoia;2.9702970297029703;151
Saldes;31.54;JxCat;ERC;Berguedà;5.232558139534884;278
Sallent;44.75;ERC;JxCat;Bages;18.105849582172702;6735
Santpedor;38.44;ERC;JxCat;Bages;13.480885311871226;7604
Sant Iscle de Vallalta;44.23;JxCat;ERC;Maresme;9.892086330935252;1342
Sant Adrià de Besòs;59.36;PSC;ERC;Barcelonès;34.09472955601701;37447
Sant Agustí de Lluçanès;28.75;JxCat;ERC;Osona;1.9607843137254901;89
Sant Andreu de la Barca;50.29;PSC;ERC;Baix Llobregat;36.71335981601505;27569
Sant Andreu de Llavaneres;43.06;JxCat;ERC;Maresme;16.01493848857645;11133
Sant Antoni de Vilamajor;41.66;JxCat;ERC;Vallès Oriental;13.30157566874313;6208
Sant Bartomeu del Grau;36.18;JxCat;ERC;Osona;14.215686274509803;884
Sant Boi de Llobregat;51.47;PSC;ERC;Baix Llobregat;35.60198871271164;84500
Sant Boi de Lluçanès;34.84;JxCat;ERC;Osona;9.310344827586208;580
Sant Celoni;46.3;JxCat;ERC;Vallès Oriental;18.469314079422382;18136
Sant Cebrià de Vallalta;49.07;JxCat;ERC;Maresme;14.655172413793101;3438
Sant Climent de Llobregat;41.44;PSC;ERC;Baix Llobregat;26.52054794520548;4160
Sant Cugat del Vallès;32.83;JxCat;ERC;Vallès Occidental;17.379316901575834;92977
Sant Cugat Sesgarrigues;28.48;ERC;JxCat;Alt Penedès;17.01720841300191;1009
Sant Esteve de Palautordera;31;JxCat;ERC;Vallès Oriental;4.492052522460263;2864
Sant Esteve Sesrovires;43.17;ERC;PSC;Baix Llobregat;24.962132687064525;7696
Sant Fost de Campsentelles;49.31;PSC;ERC;Vallès Oriental;23.908111174134998;8853
Sant Feliu de Codines;49.17;JxCat;ERC;Vallès Oriental;13.911205073995772;6363
Sant Feliu de Llobregat;42.31;PSC;ERC;Baix Llobregat;31.053852099974232;45467
Sant Feliu Sasserra;28.69;JxCat;ERC;Bages;4.491017964071856;605
Sant Fruitós de Bages;43.91;JxCat;ERC;Bages;14.401294498381878;8837
Vilassar de Dalt;41.07;JxCat;ERC;Maresme;13.777994157740995;9072
Sant Hipòlit de Voltregà;40.99;JxCat;ERC;Osona;11.55878467635403;3540
Sant Jaume de Frontanyà;47.83;ERC;PSC;Berguedà;33.33333333333333;30
Sant Joan Despí;40.63;PSC;ERC;Baix Llobregat;34.742067485074124;34267
Sant Joan de Vilatorrada;47.01;PSC;JxCat;Bages;23.541963015647227;10998
Vilassar de Mar;37.97;JxCat;ERC;Maresme;16.9076637058459;21035
Sant Julià de Vilatorta;24.75;JxCat;ERC;Osona;4.316546762589928;3140
Sant Just Desvern;33.88;PSC;JxCat;Baix Llobregat;22.185430463576157;18670
Sant Llorenç d'Hortons;33.96;ERC;JxCat;Alt Penedès;14.498757249378624;2428
Sant Llorenç Savall;44.81;ERC;JxCat;Vallès Occidental;12.112676056338028;2417
Sant Martí de Centelles;40.72;ERC;JxCat;Osona;11.500974658869396;1184
Sant Martí d'Albars;28.87;JxCat;ERC;Osona;0;114
Sant Martí de Tous;25.11;JxCat;ERC;Anoia;7.352941176470589;1228
Sant Martí Sarroca;43.23;JxCat;ERC;Alt Penedès;12.278106508875739;3261
Sant Martí Sesgueioles;30.31;JxCat;ERC;Anoia;6.770833333333333;342
Sant Mateu de Bages;27.49;JxCat;ERC;Bages;8.469945355191257;608
Premià de Dalt;40.12;JxCat;ERC;Maresme;19.71954425942156;10441
Sant Pere de Ribes;50.83;PSC;ERC;Garraf;26.980032483041942;31111
Sant Pere de Riudebitlles;42.1;ERC;JxCat;Alt Penedès;13.76953125;2380
Sant Pere de Torelló;40.83;JxCat;ERC;Osona;8.18926296633303;2470
Sant Pere de Vilamajor;46.37;ERC;JxCat;Vallès Oriental;12.817739318550567;4544
Sant Pol de Mar;34.56;JxCat;ERC;Maresme;10.808709175738725;5428
Sant Quintí de Mediona;44.56;ERC;JxCat;Alt Penedès;10.640732265446225;2317
Sant Quirze de Besora;36.37;JxCat;ERC;Osona;9.990205680705191;2154
Sant Quirze del Vallès;36.01;JxCat;ERC;Vallès Occidental;18.447729672650475;20195
Sant Quirze Safaja;36.55;JxCat;ERC;Moianès;13.712374581939798;631
Sant Sadurní d'Anoia;41.8;ERC;JxCat;Alt Penedès;18.408965643946352;12841
Sant Sadurní d'Osormort;22.73;JxCat;ERC;Osona;11.76470588235294;76
Marganell;40.27;JxCat;ERC;Bages;7.4074074074074066;266
Santa Cecília de Voltregà;28.29;JxCat;ERC;Osona;2.8301886792452833;182
Santa Coloma de Cervelló;38.96;ERC;PSC;Baix Llobregat;25.716581837664076;8268
Santa Coloma de Gramenet;55.58;PSC;ERC;Barcelonès;41.667906782939966;120443
Santa Eugènia de Berga;35.44;JxCat;ERC;Osona;6.284658040665435;2278
Santa Eulàlia de Riuprimer;28.92;JxCat;ERC;Osona;5.579399141630901;1383
Santa Eulàlia de Ronçana;47.37;ERC;JxCat;Vallès Oriental;17.04733531943065;7426
Santa Fe del Penedès;18.44;JxCat;ERC;Alt Penedès;9.777777777777779;367
Santa Margarida de Montbui;56.34;PSC;ERC;Anoia;34.349659422640286;10225
Santa Margarida i els Monjos;48.89;PSC;ERC;Alt Penedès;28.013777267508612;7676
Barberà del Vallès;48.94;PSC;ERC;Vallès Occidental;34.288000000000004;33334
Santa Maria de Besora;30.3;JxCat;ERC;Osona;6.666666666666667;161
L'Esquirol;26.9;JxCat;ERC;Osona;2.975724353954581;2186
Santa Maria de Merlès;28.23;JxCat;ERC;Berguedà;1.1235955056179776;184
Santa Maria de Martorelles;38.58;ERC;JxCat;Vallès Oriental;12.619047619047619;890
Santa Maria de Miralles;28.3;JxCat;ERC;Anoia;9.333333333333334;119
Santa Maria d'Oló;29.92;ERC;JxCat;Moianès;3.9655172413793105;1024
Santa Maria de Palautordera;38.51;JxCat;ERC;Vallès Oriental;15.478944932901435;9630
Santa Perpètua de Mogoda;49.42;PSC;ERC;Vallès Occidental;31.31921298785077;25999
Santa Susanna;43.28;ERC;JxCat;Maresme;17.89090909090909;3548
Sant Vicenç de Castellet;52.31;ERC;JxCat;Bages;20.22058823529412;9767
Sant Vicenç dels Horts;51.08;PSC;ERC;Baix Llobregat;29.63506506212699;28268
Sant Vicenç de Montalt;39.85;JxCat;ERC;Maresme;14.342058085335246;6452
Sant Vicenç de Torelló;30.17;JxCat;ERC;Osona;7.168458781362006;2058
Cerdanyola del Vallès;44.73;PSC;ERC;Vallès Occidental;29.877354912125426;57855
Sentmenat;47.67;ERC;PSC;Vallès Occidental;22.678671918964547;9235
Cercs;40.45;ERC;JxCat;Berguedà;13.309982486865149;1150
Seva;37.12;JxCat;ERC;Osona;6.6550925925925934;3544
Sitges;44.03;PSC;ERC;Garraf;23.063198422387078;29553
Sobremunt;44.62;CUP-G;JxCat;Osona;0;78
Sora;28.4;JxCat;ERC;Osona;1.7391304347826086;212
Subirats;31.94;JxCat;ERC;Alt Penedès;9.21942224953903;3104
Súria;43.43;PSC;ERC;Bages;28.17011314865392;5948
Tavèrnoles;28.11;JxCat;ERC;Osona;5.617977528089887;322
Tagamanent;39;JxCat;ERC;Vallès Oriental;8.16326530612245;318
Talamanca;29.89;JxCat;ERC;Bages;7.43801652892562;209
Taradell;35.41;JxCat;ERC;Osona;5.5329790559549865;6640
Terrassa;49.41;PSC;ERC;Vallès Occidental;25.893644617380023;223627
Tavertet;26.09;JxCat;ERC;Osona;2.941176470588235;105
Teià;34.19;JxCat;ERC;Maresme;14.183736809435132;6427
Tiana;32.25;JxCat;ERC;Maresme;16.909367528798086;8945
Tona;44.93;JxCat;ERC;Osona;10.593095308350547;8356
Tordera;57.52;ERC;JxCat;Maresme;19.74939218253226;17519
Torelló;45.65;JxCat;ERC;Osona;11.49508912331757;14400
La Torre de Claramunt;51.23;PSC;ERC;Anoia;25.696378830083567;3741
Torrelavit;32.09;JxCat;ERC;Alt Penedès;7.563025210084033;1422
Torrelles de Foix;56.24;ERC;PSC;Alt Penedès;18.326693227091635;2398
Torrelles de Llobregat;41.05;ERC;JxCat;Baix Llobregat;17.080511662904442;6073
Ullastrell;36.76;ERC;JxCat;Vallès Occidental;11.213047910295616;2089
Vacarisses;51.43;ERC;PSC;Vallès Occidental;18.72019077901431;6832
Vallbona d'Anoia;38.98;JxCat;ERC;Anoia;18.553459119496853;1357
Vallcebre;30.38;JxCat;ERC;Berguedà;9.25925925925926;249
Vallgorguina;42.66;JxCat;ERC;Vallès Oriental;9.870550161812297;2988
Vallirana;50.23;PSC;ERC;Baix Llobregat;26.76803394625177;15312
Vallromanes;33.58;JxCat;ERC;Vallès Oriental;17.033414832925835;2558
Veciana;33.33;JxCat;ERC;Anoia;3.4090909090909087;175
Vic;42.47;JxCat;ERC;Osona;10.655790768433999;47630
Vilada;34.67;JxCat;ERC;Berguedà;8.641975308641975;419
Viladecavalls;40.58;ERC;PSC;Vallès Occidental;18.062303515290083;7545
Viladecans;50.7;PSC;ERC;Baix Llobregat;38.77055697367871;67197
Vilanova del Camí;54.28;PSC;ERC;Anoia;37.38406658739596;12596
Vilanova de Sau;27.38;JxCat;ERC;Osona;6.878306878306878;312
Vilobí del Penedès;35.75;JxCat;ERC;Alt Penedès;9.514925373134329;1102
Vilafranca del Penedès;43.86;JxCat;ERC;Alt Penedès;18.13556004957923;40154
Vilalba Sasserra;46.32;ERC;JxCat;Vallès Oriental;17.253521126760564;753
Vilanova i la Geltrú;46.89;PSC;ERC;Garraf;24.761134227153644;67733
Viver i Serrateix;25.18;JxCat;ERC;Berguedà;4.854368932038835;172
Rupit i Pruit;22.86;JxCat;ERC;Osona;6.0109289617486334;271
Vilanova del Vallès;43.66;JxCat;ERC;Vallès Oriental;18.051831992850758;5503
Sant Julià de Cerdanyola;15.53;JxCat;ERC;Berguedà;3.4482758620689653;229
Badia del Vallès;59.09;PSC;VOX;Vallès Occidental;40.64731080437887;13415
La Palma de Cervelló;35.38;ERC;JxCat;Baix Llobregat;18.964357767316745;2992
Agullana;34.06;ERC;JxCat;Alt Empordà;8.443271767810026;863
Aiguaviva;25.67;JxCat;ERC;Gironès;7.2727272727272725;765
Albanyà;31.25;JxCat;ERC;Alt Empordà;0;155
Albons;32.62;JxCat;ERC;Baix Empordà;9.433962264150944;759
El Far d'Empordà;40.3;ERC;JxCat;Alt Empordà;11.07011070110701;602
Alp;40.15;JxCat;ERC;Cerdanya;10.970464135021098;1593
Amer;36.07;JxCat;ERC;Selva;5.729632945389436;2332
Anglès;43.92;JxCat;ERC;Selva;8.633824276282377;5654
Arbúcies;40.57;JxCat;ERC;Selva;7.051016175860639;6608
Argelaguer;36.36;JxCat;CUP-G;Garrotxa;1.9230769230769231;396
L'Armentera;26.45;JxCat;ERC;Alt Empordà;8.541666666666666;951
Avinyonet de Puigventós;43.27;JxCat;ERC;Alt Empordà;12.759643916913946;1641
Begur;43.08;JxCat;ERC;Baix Empordà;20.55485498108449;3891
La Vajol;35.48;JxCat;ERC;Alt Empordà;12.5;89
Banyoles;38.29;JxCat;ERC;Pla de l'Estany;8.31532104259377;20053
Bàscara;35.86;JxCat;ERC;Alt Empordà;8.855291576673865;1001
Bellcaire d'Empordà;31.14;JxCat;ERC;Baix Empordà;10.059171597633137;678
Besalú;34.81;JxCat;ERC;Garrotxa;9.130434782608695;2487
Bescanó;36.97;JxCat;ERC;Gironès;7.3979591836734695;4991
Beuda;34.71;JxCat;CUP-G;Garrotxa;10.526315789473683;186
La Bisbal d'Empordà;44.64;JxCat;ERC;Baix Empordà;14.07979407979408;11159
Blanes;52.06;PSC;ERC;Selva;26.807598039215684;39914
Bolvir;29.25;JxCat;PDeCAT;Cerdanya;10.714285714285714;375
Bordils;29.74;JxCat;CUP-G;Gironès;6.393244873341375;1761
Borrassà;30.53;JxCat;ERC;Alt Empordà;7.936507936507936;733
Breda;40.54;JxCat;ERC;Selva;10.588235294117647;3762
Brunyola;36.86;JxCat;ERC;Selva;2.7777777777777777;389
Boadella i les Escaules;35.98;JxCat;ERC;Alt Empordà;10.948905109489052;272
Cabanes;43.28;JxCat;ERC;Alt Empordà;12.534818941504177;968
Cabanelles;53.61;JxCat;ERC;Alt Empordà;7.792207792207792;267
Cadaqués;48.08;JxCat;ERC;Alt Empordà;13.304252998909488;2695
Caldes de Malavella;51.53;JxCat;ERC;Selva;14.311270125223613;7872
Calonge;48.66;JxCat;ERC;Baix Empordà;16.844349680170577;11331
Camós;26.33;JxCat;ERC;Pla de l'Estany;6.075949367088607;677
Campdevànol;43.55;JxCat;ERC;Ripollès;13.278008298755188;3232
Campelles;35.09;JxCat;ERC;Ripollès;1.36986301369863;140
Campllong;26.05;JxCat;ERC;Gironès;3.717472118959108;537
Camprodon;37.47;JxCat;ERC;Ripollès;13.955726660250239;2298
Canet d'Adri;34.57;JxCat;ERC;Gironès;7.065217391304348;729
Cantallops;38.97;ERC;JxCat;Alt Empordà;11.570247933884298;309
Capmany;37.2;JxCat;ERC;Alt Empordà;9.090909090909092;611
Queralbs;21.25;JxCat;ERC;Ripollès;9.836065573770492;188
Cassà de la Selva;41.13;JxCat;ERC;Gironès;11.29151291512915;10410
Castellfollit de la Roca;40.67;ERC;JxCat;Garrotxa;6.009615384615385;947
Castelló d'Empúries;51.83;JxCat;ERC;Alt Empordà;14.573708525829485;11100
Castell-Platja d'Aro;48.79;JxCat;PSC;Baix Empordà;22.322232223222322;11030
Celrà;37.28;JxCat;CUP-G;Gironès;12.246913580246915;5561
Cervià de Ter;25.7;JxCat;ERC;Gironès;5.220883534136546;966
Cistella;28.02;JxCat;ERC;Alt Empordà;9.45945945945946;282
Siurana;28.68;JxCat;ERC;Alt Empordà;2.083333333333333;171
Colera;36.05;JxCat;ERC;Alt Empordà;14.351851851851851;445
Colomers;19.33;JxCat;ERC;Baix Empordà;9.243697478991598;174
Cornellà del Terri;35.47;JxCat;ERC;Pla de l'Estany;6.566104702750665;2399
Corçà;29.32;JxCat;ERC;Baix Empordà;11.861861861861863;1268
Crespià;32.97;JxCat;CUP-G;Pla de l'Estany;4.0650406504065035;254
Darnius;39.51;JxCat;ERC;Alt Empordà;9.387755102040817;537
Das;29.65;JxCat;ERC;Cerdanya;6.896551724137931;234
L'Escala;48.49;JxCat;ERC;Alt Empordà;14.466840052015606;10244
Espinelves;15.93;JxCat;ERC;Osona;3.3112582781456954;221
Espolla;27.55;JxCat;ERC;Alt Empordà;17.543859649122805;412
Esponellà;29.36;JxCat;ERC;Pla de l'Estany;2.643171806167401;463
Figueres;55.89;JxCat;ERC;Alt Empordà;18.20862824401753;47235
Flaçà;30.45;JxCat;ERC;Gironès;8.368200836820083;1130
Foixà;29.37;JxCat;ERC;Baix Empordà;13.953488372093023;303
Fontanals de Cerdanya;34.49;JxCat;ERC;Cerdanya;11.284046692607005;437
Fontanilles;25.22;JxCat;ERC;Baix Empordà;4.651162790697675;146
Fontcoberta;27.06;JxCat;ERC;Pla de l'Estany;5.788177339901478;1469
Fornells de la Selva;26.22;JxCat;ERC;Gironès;9.255393180236604;2670
Fortià;36.14;JxCat;ERC;Alt Empordà;14.202898550724639;787
Garrigàs;34.12;JxCat;ERC;Alt Empordà;4.694835680751173;451
Garrigoles;26.23;JxCat;ERC;Baix Empordà;4.545454545454546;167
Garriguella;39.59;JxCat;ERC;Alt Empordà;12.716763005780345;853
Ger;27.7;JxCat;ERC;Cerdanya;8.614232209737828;449
Girona;42.38;JxCat;ERC;Gironès;16.591207436975917;103369
Gombrèn;40;JxCat;ERC;Ripollès;8.045977011494253;192
Gualta;30.11;JxCat;ERC;Baix Empordà;9.289617486338798;402
Guils de Cerdanya;40.34;JxCat;ERC;Cerdanya;5.303030303030303;549
Hostalric;48.47;JxCat;ERC;Selva;18.384766907419568;4291
Isòvol;36.69;JxCat;ERC;Cerdanya;12.337662337662337;281
Jafre;22.84;JxCat;ERC;Baix Empordà;4.97737556561086;387
La Jonquera;52.99;PSC;ERC;Alt Empordà;23.028785982478098;3320
Juià;26.34;JxCat;ERC;Gironès;6.25;319
Lladó;33.22;JxCat;ERC;Alt Empordà;6.0606060606060606;844
Llagostera;49.21;JxCat;ERC;Gironès;12.857142857142856;8647
Llambilles;26.61;JxCat;ERC;Gironès;6.829268292682928;713
Llanars;36.79;JxCat;ERC;Ripollès;4.878048780487805;535
Llançà;48.54;ERC;JxCat;Alt Empordà;16.751269035532996;4775
Llers;39.68;JxCat;ERC;Alt Empordà;12.410071942446043;1237
Llívia;44;JxCat;ERC;Cerdanya;11.447811447811448;1431
Lloret de Mar;53.57;PSC;ERC;Selva;27.917395104895103;39089
Les Llosses;40.99;JxCat;ERC;Ripollès;5.319148936170213;212
Madremanya;25.62;JxCat;CUP-G;Gironès;4.054054054054054;288
Maià de Montcal;37.99;JxCat;ERC;Garrotxa;11.351351351351353;463
Meranges;25.64;JxCat;ERC;Cerdanya;11.538461538461538;100
Masarac;33.5;JxCat;ERC;Alt Empordà;10.852713178294573;288
Massanes;49.32;JxCat;ERC;Selva;12.286689419795222;796
Maçanet de Cabrenys;32.4;JxCat;ERC;Alt Empordà;10.723860589812332;698
Maçanet de la Selva;59.08;JxCat;ERC;Selva;19.905437352245865;7066
Mieres;36.43;ERC;JxCat;Garrotxa;3.592814371257485;345
Mollet de Peralada;27.78;JxCat;ERC;Alt Empordà;15.53398058252427;198
Molló;31.37;JxCat;ERC;Ripollès;4.571428571428571;336
Montagut i Oix;40.69;JxCat;ERC;Garrotxa;3.546099290780142;930
Mont-ras;42.46;JxCat;ERC;Baix Empordà;20.51948051948052;1680
Navata;35.35;JxCat;ERC;Alt Empordà;6.875000000000001;1427
Ogassa;31.44;JxCat;ERC;Ripollès;6.106870229007633;240
Olot;46.75;JxCat;ERC;Garrotxa;12.578667756436454;35926
Ordis;28.06;ERC;JxCat;Alt Empordà;5.181347150259067;361
Osor;35.24;JxCat;ERC;Selva;6.306306306306306;428
Palafrugell;52.49;JxCat;ERC;Baix Empordà;20.986929064473493;23244
Palamós;50.55;JxCat;ERC;Baix Empordà;18.414442700156986;18135
Palau de Santa Eulàlia;23.17;JxCat;ERC;Alt Empordà;9.523809523809524;90
Palau-saverdera;42.46;JxCat;ERC;Alt Empordà;9.850107066381156;1456
Palau-sator;30.04;JxCat;ERC;Baix Empordà;10.32258064516129;310
Palol de Revardit;24.18;JxCat;ERC;Pla de l'Estany;4.602510460251046;448
Pals;38.52;JxCat;ERC;Baix Empordà;14.083080040526848;2395
Pardines;36.36;JxCat;ERC;Ripollès;2.4390243902439024;169
Parlavà;22.39;JxCat;ERC;Baix Empordà;5.9760956175298805;391
Pau;32.54;JxCat;ERC;Alt Empordà;9.58904109589041;557
Pedret i Marzà;29.71;ERC;JxCat;Alt Empordà;6.315789473684211;191
La Pera;25.53;JxCat;ERC;Baix Empordà;5.284552845528456;435
Peralada;33.84;JxCat;ERC;Alt Empordà;10.199556541019955;1898
Les Planes d'Hostoles;31.6;JxCat;ERC;Garrotxa;7.317073170731707;1712
Planoles;35.24;JxCat;ERC;Ripollès;4.285714285714286;304
Pont de Molins;39.1;ERC;JxCat;Alt Empordà;10.548523206751055;516
Pontós;26.32;JxCat;ERC;Alt Empordà;7.246376811594203;260
Porqueres;31.8;JxCat;ERC;Pla de l'Estany;7.190916736753575;4677
Portbou;36.37;PSC;ERC;Alt Empordà;29.320388349514566;1063
Les Preses;34.66;JxCat;ERC;Garrotxa;10.54945054945055;1855
El Port de la Selva;29.69;JxCat;ERC;Alt Empordà;12.389380530973451;958
Puigcerdà;53.93;JxCat;ERC;Cerdanya;17.08542713567839;9486
Quart;33.58;JxCat;ERC;Gironès;13.552704963747908;3798
Rabós;37.16;JxCat;ERC;Alt Empordà;4.301075268817205;184
Regencós;31.82;JxCat;ERC;Baix Empordà;9.45945945945946;276
Ribes de Freser;41.33;JxCat;ERC;Ripollès;9.47242206235012;1760
Riells i Viabrea;49.32;ERC;JxCat;Selva;17.232859789993825;4153
Ripoll;48.44;JxCat;ERC;Ripollès;14.926120711244678;10803
Riudarenes;45.39;JxCat;ERC;Selva;14.78463329452852;2204
Riudaura;24.8;JxCat;CUP-G;Garrotxa;2.8368794326241136;481
Riudellots de la Selva;29.34;JxCat;ERC;Selva;9.33734939759036;2071
Riumors;36.93;JxCat;ERC;Alt Empordà;3.7037037037037033;246
Roses;52.2;PSC;JxCat;Alt Empordà;23.015267175572518;19807
Rupià;23.5;JxCat;ERC;Baix Empordà;8.666666666666668;273
Sales de Llierca;36.45;CUP-G;ERC;Garrotxa;15.151515151515152;159
Salt;53.65;JxCat;PSC;Gironès;21.981694028766526;32138
Sant Andreu Salou;18.49;JxCat;PSC;Gironès;18.75;160
Sant Climent Sescebes;53.85;ERC;JxCat;Alt Empordà;9.090909090909092;707
Sant Feliu de Buixalleu;39.56;JxCat;ERC;Selva;9.473684210526317;797
Sant Feliu de Guíxols;50.43;JxCat;ERC;Baix Empordà;21.367521367521366;22097
Sant Feliu de Pallerols;28.61;JxCat;ERC;Garrotxa;6.318681318681318;1437
Sant Ferriol;43.13;JxCat;ERC;Garrotxa;9.89010989010989;236
Sant Gregori;30.98;JxCat;ERC;Gironès;6.9017632241813605;3928
Sant Hilari Sacalm;46.12;JxCat;ERC;Selva;10;5703
Sant Jaume de Llierca;39.87;JxCat;ERC;Garrotxa;10.21505376344086;871
Sant Jordi Desvalls;24.5;JxCat;ERC;Gironès;4.218362282878412;760
Sant Joan de les Abadesses;37.5;JxCat;ERC;Ripollès;10.225846925972396;3224
Sant Joan de Mollet;28.23;JxCat;ERC;Gironès;8.045977011494253;498
Sant Julià de Ramis;36;JxCat;ERC;Gironès;15.693659761456372;3576
Vallfogona de Ripollès;25.7;ERC;JxCat;Ripollès;1.5037593984962405;196
Sant Llorenç de la Muga;28.57;JxCat;ERC;Alt Empordà;7.874015748031496;265
Sant Martí de Llémena;37.53;JxCat;ERC;Gironès;8.421052631578947;641
Sant Martí Vell;29.26;JxCat;ERC;Gironès;7.518796992481203;251
Sant Miquel de Campmajor;35.88;JxCat;CUP-G;Pla de l'Estany;2.7777777777777777;229
Sant Miquel de Fluvià;51.99;PSC;VOX;Alt Empordà;21.923076923076923;761
Sant Mori;22.03;JxCat;ERC;Alt Empordà;15.217391304347828;166
Sant Pau de Segúries;41.95;JxCat;ERC;Ripollès;9.907120743034056;688
Sant Pere Pescador;43.71;JxCat;ERC;Alt Empordà;8.542713567839195;2090
Santa Coloma de Farners;47.48;JxCat;ERC;Selva;10.642615558060879;13363
Santa Cristina d'Aro;46.93;JxCat;ERC;Baix Empordà;16.595289079229122;5287
Santa Llogaia d'Àlguema;47.02;PSC;JxCat;Alt Empordà;26.71232876712329;368
Sant Aniol de Finestres;32.55;JxCat;ERC;Garrotxa;6.547619047619048;345
Santa Pau;33.81;JxCat;ERC;Garrotxa;7.274969173859433;1614
Sant Joan les Fonts;46.45;JxCat;ERC;Garrotxa;11.963696369636963;3044
Sarrià de Ter;42.81;JxCat;ERC;Gironès;19.108865411116216;5229
Saus, Camallera i Llampaies;28.51;JxCat;ERC;Alt Empordà;12.280701754385964;856
La Selva de Mar;25.15;JxCat;CUP-G;Alt Empordà;7.199999999999999;195
La Cellera de Ter;27.69;JxCat;ERC;Selva;5.9869036482694105;1950
Serinyà;38.61;JxCat;ERC;Pla de l'Estany;6.534653465346535;1133
Serra de Daró;14.62;JxCat;ERC;Baix Empordà;6.164383561643835;222
Setcases;34.69;JxCat;ERC;Ripollès;6.521739130434782;170
Sils;50.94;JxCat;ERC;Selva;18.28866948754114;6219
Susqueda;32.88;JxCat;ERC;Selva;6.122448979591836;93
La Tallada d'Empordà;20.8;JxCat;ERC;Baix Empordà;9.854014598540147;454
Terrades;36.33;JxCat;ERC;Alt Empordà;5.369127516778524;338
Torrent;27.78;JxCat;ERC;Baix Empordà;12.087912087912088;164
Torroella de Fluvià;40.94;JxCat;ERC;Alt Empordà;14.23076923076923;703
Torroella de Montgrí;43.41;JxCat;ERC;Baix Empordà;11.710794297352342;11836
Tortellà;34.49;JxCat;ERC;Garrotxa;9.290953545232274;818
Toses;32.88;JxCat;ERC;Ripollès;3.0927835051546393;168
Tossa de Mar;47;JxCat;ERC;Selva;18.020679468242246;5818
Ultramort;35.19;JxCat;ERC;Baix Empordà;3.8834951456310676;225
Ullà;40.71;JxCat;ERC;Baix Empordà;19.505494505494507;1177
Ullastret;26.8;JxCat;ERC;Baix Empordà;5.673758865248227;274
Urús;30.29;JxCat;ERC;Cerdanya;7.6923076923076925;196
La Vall d'en Bas;31.75;JxCat;ERC;Garrotxa;4.860267314702309;3093
La Vall de Bianya;42.15;JxCat;ERC;Garrotxa;4.852686308492201;1275
Vall-llobrega;33.28;JxCat;ERC;Baix Empordà;12.857142857142856;897
Ventalló;35.71;JxCat;ERC;Alt Empordà;9.788359788359788;846
Verges;29.67;JxCat;CUP-G;Baix Empordà;6.63265306122449;1169
Vidrà;23.65;JxCat;ERC;Osona;4.545454545454546;177
Vidreres;54.34;JxCat;ERC;Selva;14.218566392479437;7951
Vilabertran;38.87;JxCat;ERC;Alt Empordà;8.056872037914692;993
Vilablareix;31.45;JxCat;ERC;Gironès;12.63803680981595;3063
Viladasens;27.61;JxCat;CUP-G;Gironès;9.734513274336283;206
Viladamat;24.11;JxCat;CUP-G;Alt Empordà;5.474452554744526;458
Vilademuls;26.82;JxCat;CUP-G;Pla de l'Estany;5.314009661835748;835
Viladrau;28.85;JxCat;ERC;Osona;4.498269896193772;1047
Vilafant;42.86;ERC;JxCat;Alt Empordà;17.289719626168225;5421
Vilaür;14.81;JxCat;ERC;Alt Empordà;1.1363636363636365;158
Vilajuïga;41.76;JxCat;ERC;Alt Empordà;16.244725738396625;1116
Vilallonga de Ter;39.73;JxCat;ERC;Ripollès;6.622516556291391;398
Vilamacolum;34.3;ERC;JxCat;Alt Empordà;5.147058823529411;377
Vilamalla;48.06;VOX;JxCat;Alt Empordà;14.1280353200883;1161
Vilamaniscle;35.81;ERC;JxCat;Alt Empordà;12.631578947368421;212
Vilanant;33.45;JxCat;ERC;Alt Empordà;9.13978494623656;386
Vila-sacra;40.12;JxCat;ERC;Alt Empordà;16.4983164983165;758
Vilopriu;30.41;JxCat;ERC;Baix Empordà;13.559322033898304;204
Vilobí d'Onyar;38.01;JxCat;ERC;Selva;7.083906464924347;3333
Biure;36.61;ERC;JxCat;Alt Empordà;11.304347826086957;241
Cruïlles, Monells i Sant Sadurní de l'Heura;35.16;JxCat;ERC;Baix Empordà;10.276073619631902;1270
Forallac;33.51;JxCat;ERC;Baix Empordà;10.526315789473683;1695
Sant Julià del Llor i Bonmatí;40.09;JxCat;ERC;Selva;8.63970588235294;1313
Abella de la Conca;53.73;JxCat;ERC;Pallars Jussà;4.838709677419355;183
Àger;34.14;JxCat;ERC;Noguera;10.508474576271185;580
Agramunt;45;JxCat;ERC;Urgell;10.069444444444445;5411
Els Alamús;35.69;JxCat;ERC;Segrià;9.631728045325778;811
Alàs i Cerc;36.26;JxCat;ERC;Alt Urgell;18.562874251497004;320
L'Albagés;36.19;ERC;JxCat;Garrigues;15625;361
Albatàrrec;46.96;ERC;JxCat;Segrià;13.333333333333334;2236
Albesa;42.61;ERC;JxCat;Noguera;8.723747980613894;1561
L'Albi;30.47;JxCat;ERC;Garrigues;9.290953545232274;744
Alcanó;32.47;JxCat;ERC;Segrià;8.527131782945736;238
Alcarràs;52.51;ERC;JxCat;Segrià;13.043478260869565;9707
Alcoletge;49.98;ERC;JxCat;Segrià;17.083692838654013;3435
Alfarràs;48.31;JxCat;PSC;Segrià;22.054665409990577;2765
Alfés;32.8;ERC;JxCat;Segrià;4.878048780487805;297
Algerri;38.9;JxCat;ERC;Noguera;7.177033492822966;404
Alguaire;45.76;JxCat;ERC;Segrià;11.38211382113821;3029
Alins;32.03;JxCat;ERC;Pallars Sobirà;13.725490196078432;272
Almacelles;54.39;ERC;JxCat;Segrià;17.75700934579439;6826
Almatret;26.84;JxCat;ERC;Segrià;6.598984771573605;305
Almenar;49.86;ERC;JxCat;Segrià;13.988808952837731;3357
Alòs de Balaguer;40.38;JxCat;ERC;Noguera;9.67741935483871;132
Alpicat;41.86;JxCat;ERC;Segrià;14.167294649585532;6266
Alt Àneu;32.24;JxCat;ERC;Pallars Sobirà;10.121457489878543;414
Naut Aran;48.84;PSC;VOX;Aran;25.82972582972583;1836
Anglesola;41.4;JxCat;ERC;Urgell;2.664298401420959;1365
Arbeca;38.58;JxCat;ERC;Garrigues;11.740041928721174;2126
El Pont de Bar;43.61;JxCat;ERC;Alt Urgell;5.405405405405405;152
Arres;47.27;PSC;VOX;Aran;37.93103448275862;60
Arsèguel;32.31;ERC;JxCat;Alt Urgell;4.651162790697675;81
Artesa de Lleida;33.48;ERC;JxCat;Segrià;8.748317631224763;1535
Artesa de Segre;41.4;ERC;JxCat;Noguera;7.709923664122137;3400
La Sentiu de Sió;35.42;JxCat;ERC;Noguera;12.017167381974248;414
Aspa;29.48;PSC;JxCat;Segrià;28.09917355371901;220
Les Avellanes i Santa Linya;45.38;ERC;JxCat;Noguera;8.629441624365482;433
Aitona;36.3;PDeCAT;ERC;Segrià;8.813559322033898;2567
Baix Pallars;30.11;JxCat;ERC;Pallars Sobirà;11.398963730569948;331
Balaguer;49.94;ERC;JxCat;Noguera;16.551987767584098;17472
Barbens;45.99;ERC;JxCat;Pla d'Urgell;9.67741935483871;878
La Baronia de Rialb;30.69;PDeCAT;ERC;Noguera;5.755395683453238;229
La Vall de Boí;39.19;ERC;JxCat;Alta Ribagorça;6.832298136645963;1019
Bassella;27.78;JxCat;PDeCAT;Alt Urgell;7.874015748031496;217
Bausen;57.63;PSC;CUP-G;Aran;20.833333333333336;60
Belianes;33.58;ERC;JxCat;Urgell;11.494252873563218;520
Bellcaire d'Urgell;29.7;ERC;JxCat;Noguera;8.042488619119878;1199
Bell-lloc d'Urgell;38.62;ERC;JxCat;Pla d'Urgell;12.09016393442623;2335
Bellmunt d'Urgell;28.67;PDeCAT;ERC;Noguera;4.040404040404041;185
Bellpuig;43.53;JxCat;ERC;Urgell;10.027397260273972;5218
Bellver de Cerdanya;38.54;JxCat;ERC;Cerdanya;12.836438923395447;2005
Bellvís;37.23;ERC;JxCat;Pla d'Urgell;6.7991631799163175;2260
Benavent de Segrià;38.88;ERC;JxCat;Segrià;12.759643916913946;1518
Biosca;41.61;JxCat;ERC;Segarra;9.782608695652174;177
Bovera;42.03;JxCat;ERC;Garrigues;10.344827586206897;248
Es Bòrdes;50.9;PSC;ERC;Aran;20.388349514563107;255
Les Borges Blanques;44.41;JxCat;ERC;Garrigues;8.468919482686692;6173
Bossòst;43.55;PSC;VOX;Aran;37.55656108597285;1115
Cabanabona;43.08;JxCat;ERC;Noguera;2.7777777777777777;71
Cabó;40.51;JxCat;ERC;Alt Urgell;6.521739130434782;93
Camarasa;37.77;ERC;JxCat;Noguera;6.132075471698113;810
Canejan;57.89;PSC;ERC;Aran;28125;89
Castellar de la Ribera;21.28;JxCat;ERC;Solsonès;5.47945205479452;131
Castelldans;41.73;JxCat;ERC;Garrigues;7.969151670951156;930
Castellnou de Seana;43.32;JxCat;ERC;Pla d'Urgell;6.164383561643835;665
Castelló de Farfanya;44.93;ERC;JxCat;Noguera;4.845814977973569;539
Castellserà;37.76;JxCat;ERC;Urgell;6.498951781970649;996
Cava;21.95;JxCat;ERC;Alt Urgell;3.225806451612903;45
Cervera;46.78;JxCat;ERC;Segarra;13.680154142581888;9350
Cervià de les Garrigues;38.85;ERC;JxCat;Garrigues;7.854984894259818;662
Ciutadilla;28.16;ERC;JxCat;Urgell;8.94308943089431;208
Clariana de Cardener;32.31;ERC;CUP-G;Solsonès;8.235294117647058;161
El Cogul;31.82;ERC;JxCat;Garrigues;11.11111111111111;151
Coll de Nargó;36.72;JxCat;ERC;Alt Urgell;11.83206106870229;540
Corbins;35.14;ERC;JxCat;Segrià;7.656250000000001;1462
Cubells;32.73;JxCat;ERC;Noguera;2.824858757062147;338
L'Espluga Calba;35.93;ERC;JxCat;Garrigues;11.377245508982035;329
Espot;34.55;ERC;JxCat;Pallars Sobirà;10.21505376344086;366
Estaràs;30.07;JxCat;ERC;Segarra;7.000000000000001;156
Esterri d'Àneu;29.42;JxCat;ERC;Pallars Sobirà;7.957559681697612;804
Esterri de Cardós;26.42;JxCat;ERC;Pallars Sobirà;12.82051282051282;64
Estamariu;37.11;JxCat;ERC;Alt Urgell;4.918032786885246;125
Farrera;36.26;CUP-G;JxCat;Pallars Sobirà;5.172413793103448;108
La Floresta;23.81;JxCat;ERC;Garrigues;5.263157894736842;140
Fondarella;37.54;JxCat;ERC;Pla d'Urgell;12.637362637362637;776
Foradada;33.08;JxCat;ERC;Noguera;6.976744186046512;203
La Fuliola;45.5;JxCat;ERC;Urgell;9.071274298056156;1250
Fulleda;36.17;ERC;JxCat;Garrigues;7.017543859649122;102
Gavet de la Conca;39.06;JxCat;ERC;Pallars Jussà;9.352517985611511;261
Golmés;44.75;JxCat;ERC;Pla d'Urgell;6.582633053221289;1855
Gósol;29.95;JxCat;ERC;Berguedà;10.76923076923077;206
La Granadella;30.71;JxCat;ERC;Garrigues;4.178272980501393;716
La Granja d'Escarp;37.1;ERC;JxCat;Segrià;14.545454545454545;922
Granyanella;44.27;JxCat;ERC;Segarra;8.333333333333332;143
Granyena de Segarra;39.23;JxCat;ERC;Segarra;12.658227848101266;151
Granyena de les Garrigues;18.75;JxCat;ERC;Garrigues;9.30232558139535;140
Guimerà;32.21;JxCat;ERC;Urgell;2.8368794326241136;271
Guissona;43.76;JxCat;ERC;Segarra;15.374420145791914;7248
Guixers;33.64;JxCat;PDeCAT;Solsonès;5.714285714285714;132
Ivars de Noguera;33.58;PDeCAT;ERC;Noguera;7.55813953488372;332
Ivars d'Urgell;35.78;ERC;JxCat;Pla d'Urgell;13.12410841654779;1537
Ivorra;20.95;JxCat;ERC;Segarra;0;108
Isona i Conca Dellà;35.37;JxCat;ERC;Pallars Jussà;12.984496124031008;1042
Juncosa;47.47;JxCat;ERC;Garrigues;11.180124223602485;395
Juneda;39.08;ERC;JxCat;Garrigues;10.081541882876206;3501
Lleida;49.91;ERC;JxCat;Segrià;20.790253539677312;140403
Les;51.83;PSC;ERC;Aran;37.41496598639456;971
Linyola;45.35;JxCat;ERC;Pla d'Urgell;6.724303554274735;2717
Lladorre;28.72;JxCat;ERC;Pallars Sobirà;7.4074074074074066;237
Lladurs;37.58;JxCat;ERC;Solsonès;4.2105263157894735;180
Llardecans;35.39;JxCat;ERC;Segrià;5.485232067510549;444
Llavorsí;32.62;ERC;JxCat;Pallars Sobirà;10.638297872340425;346
Lles de Cerdanya;37.12;JxCat;ERC;Cerdanya;5.755395683453238;270
Llimiana;38.93;JxCat;ERC;Pallars Jussà;8.860759493670885;146
Llobera;38.85;ERC;JxCat;Solsonès;4.25531914893617;188
Maldà;35.9;JxCat;ERC;Urgell;8.799999999999999;227
Massalcoreig;37.95;ERC;JxCat;Segrià;15.178571428571427;610
Massoteres;36.84;JxCat;ERC;Segarra;12.195121951219512;212
Maials;40.51;JxCat;ERC;Segrià;9.183673469387756;909
Menàrguens;35.12;JxCat;ERC;Noguera;14.24731182795699;813
Miralcamp;44.04;JxCat;ERC;Pla d'Urgell;13.03538175046555;1385
La Molsosa;29.47;JxCat;ERC;Solsonès;7.936507936507936;104
Mollerussa;50.46;JxCat;ERC;Pla d'Urgell;14.51458632233381;14649
Montgai;36.54;ERC;JxCat;Noguera;11.864406779661017;643
Montellà i Martinet;37.17;JxCat;ERC;Cerdanya;9.090909090909092;578
Montferrer i Castellbò;44.36;JxCat;ERC;Alt Urgell;9.839816933638444;1034
Montoliu de Segarra;43.87;JxCat;ERC;Segarra;5.88235294117647;187
Montoliu de Lleida;32.42;JxCat;ERC;Segrià;6.967213114754098;483
Montornès de Segarra;31.25;JxCat;ERC;Segarra;18.867924528301888;96
Nalec;18.92;JxCat;ERC;Urgell;11.666666666666666;90
Navès;39.64;JxCat;ERC;Solsonès;6.299212598425196;284
Odèn;34.26;JxCat;ERC;Solsonès;3.546099290780142;258
Oliana;39.55;JxCat;ERC;Alt Urgell;13.064713064713066;1843
Oliola;28.92;JxCat;ERC;Noguera;4.385964912280701;203
Olius;36.85;JxCat;ERC;Solsonès;8;981
Les Oluges;37.84;JxCat;ERC;Segarra;8.695652173913043;171
Els Omellons;43.09;ERC;JxCat;Garrigues;7.142857142857142;206
Els Omells de na Gaia;36.52;JxCat;ERC;Urgell;5.555555555555555;130
Organyà;39.77;JxCat;ERC;Alt Urgell;12.07865168539326;771
Os de Balaguer;37.04;JxCat;ERC;Noguera;10.9979633401222;980
Ossó de Sió;33.96;JxCat;ERC;Urgell;7.6190476190476195;203
El Palau d'Anglesola;38.13;JxCat;ERC;Pla d'Urgell;7.193515704154002;2166
Conca de Dalt;36.98;JxCat;ERC;Pallars Jussà;12.440191387559809;410
La Coma i la Pedra;42.74;JxCat;ERC;Solsonès;1.4598540145985401;255
Penelles;39.72;JxCat;ERC;Noguera;5.263157894736842;436
Peramola;32.97;JxCat;ERC;Alt Urgell;6.741573033707865;347
Pinell de Solsonès;45.51;JxCat;ERC;Solsonès;2.2222222222222223;193
Pinós;34.2;JxCat;CUP-G;Solsonès;4.697986577181208;286
El Poal;34.41;JxCat;ERC;Pla d'Urgell;4.416403785488959;670
La Pobla de Cérvoles;36;ERC;JxCat;Garrigues;14.150943396226415;189
Bellaguarda;27.63;JxCat;ERC;Garrigues;9.67741935483871;287
La Pobla de Segur;38.62;JxCat;ERC;Pallars Jussà;16.89814814814815;3043
Ponts;40.94;ERC;JxCat;Noguera;8.652900688298919;2644
El Pont de Suert;44.24;PSC;ERC;Alta Ribagorça;28.289473684210524;2257
La Portella;32.03;JxCat;ERC;Segrià;13.076923076923078;743
Prats i Sansor;29.95;JxCat;ERC;Cerdanya;6.7669172932330826;222
Preixana;34.37;JxCat;ERC;Urgell;2.8846153846153846;387
Preixens;39.43;PDeCAT;ERC;Noguera;8.61244019138756;418
Prullans;32.61;JxCat;ERC;Cerdanya;5;226
Puiggròs;35.78;JxCat;ERC;Garrigues;11.194029850746269;278
Puigverd d'Agramunt;37.01;JxCat;ERC;Urgell;13.829787234042554;229
Puigverd de Lleida;41.64;JxCat;ERC;Segrià;14.662273476112025;1349
Rialp;35.06;JxCat;ERC;Pallars Sobirà;9.597523219814242;641
Ribera d'Urgellet;44.07;JxCat;ERC;Alt Urgell;12.637362637362637;932
Riner;27.57;JxCat;ERC;Solsonès;7.236842105263158;263
Rosselló;48.56;JxCat;ERC;Segrià;14.311431143114312;3237
Salàs de Pallars;34.72;ERC;JxCat;Pallars Jussà;20.118343195266274;327
Sanaüja;40.9;JxCat;ERC;Segarra;5.347593582887701;379
Sant Guim de Freixenet;41.16;ERC;JxCat;Segarra;8.450704225352112;1037
Sant Llorenç de Morunys;38.66;JxCat;ERC;Solsonès;6.105263157894736;960
Sant Ramon;39.45;JxCat;ERC;Segarra;6.808510638297872;487
Sant Esteve de la Sarga;36.19;JxCat;ERC;Pallars Jussà;12.121212121212121;122
Sant Guim de la Plana;24.29;ERC;JxCat;Segarra;7.6923076923076925;181
Sarroca de Lleida;36.66;ERC;JxCat;Segrià;10.76923076923077;358
Sarroca de Bellera;40.57;ERC;PSC;Pallars Jussà;26.229508196721312;116
Senterada;45.19;ERC;JxCat;Pallars Jussà;17.543859649122805;139
La Seu d'Urgell;49.97;ERC;JxCat;Alt Urgell;19.460456536776576;12206
Seròs;43.18;ERC;JxCat;Segrià;9.0625;1946
Sidamon;37.65;JxCat;ERC;Pla d'Urgell;12.280701754385964;748
El Soleràs;27.17;JxCat;ERC;Garrigues;5.434782608695652;332
Solsona;46;JxCat;ERC;Solsonès;12.046783625730995;9137
Soriguera;36.55;ERC;CUP-G;Pallars Sobirà;11.214953271028037;420
Sort;40.4;JxCat;ERC;Pallars Sobirà;9.818569903948772;2154
Soses;36.69;JxCat;ERC;Segrià;15.419847328244273;1761
Sudanell;41.87;ERC;JxCat;Segrià;8.55614973262032;840
Sunyer;36.94;JxCat;ERC;Segrià;12.949640287769784;343
Talarn;51.43;JxCat;ERC;Pallars Jussà;17.5;595
Talavera;31.54;ERC;JxCat;Segarra;6.707317073170732;279
Tàrrega;46.09;JxCat;ERC;Urgell;12.762327247909914;17445
Tarrés;23.81;ERC;JxCat;Garrigues;3125;102
Tarroja de Segarra;41.22;JxCat;CUP-G;Segarra;1.1904761904761905;188
Térmens;34.32;JxCat;ERC;Noguera;7.131537242472266;1360
Tírvia;27.97;JxCat;ERC;Pallars Sobirà;12.5;134
Tiurana;20.9;JxCat;ERC;Noguera;5.769230769230769;77
Torà;40.22;JxCat;ERC;Segarra;7.984790874524715;1237
Els Torms;27.27;ERC;JxCat;Garrigues;6.896551724137931;138
Tornabous;39.35;JxCat;ERC;Urgell;5.714285714285714;822
Torrebesses;40.17;ERC;JxCat;Segrià;8.450704225352112;267
La Torre de Cabdella;33.13;JxCat;ERC;Pallars Jussà;8.294930875576037;759
Torrefarrera;45.07;ERC;JxCat;Segrià;14.162844036697248;4694
Torregrossa;40.32;ERC;JxCat;Pla d'Urgell;15.783540022547914;2179
Torrelameu;25.88;ERC;JxCat;Noguera;6.896551724137931;735
Torres de Segre;41.64;JxCat;ERC;Segrià;16.233766233766232;2366
Torre-serona;32;ERC;JxCat;Segrià;19.35483870967742;398
Tremp;46.12;JxCat;ERC;Pallars Jussà;19.265639165911153;5911
Vallbona de les Monges;33.49;JxCat;ERC;Urgell;7.462686567164178;243
Les Valls de Valira;58.89;ERC;JxCat;Alt Urgell;13.247863247863249;784
Vallfogona de Balaguer;37.55;JxCat;ERC;Noguera;13.549160671462829;1906
Verdú;42.53;JxCat;ERC;Urgell;9.343434343434344;902
Vielha e Mijaran;54.16;PSC;ERC;Aran;30.897207367795605;5611
Vilagrassa;34.55;JxCat;ERC;Urgell;14.049586776859504;560
Vilaller;43.42;PDeCAT;PSC;Alta Ribagorça;20.98765432098765;549
Vilamòs;51.02;PSC;VOX;Aran;32.3943661971831;178
Vilanova de Bellpuig;28.49;JxCat;ERC;Pla d'Urgell;5.51948051948052;1183
Vilanova de l'Aguda;38.37;ERC;JxCat;Noguera;11;200
Vilanova de Meià;35.49;JxCat;ERC;Noguera;10.83743842364532;415
Vilanova de Segrià;38.8;ERC;JxCat;Segrià;9.67741935483871;985
Vila-sana;46.67;JxCat;ERC;Pla d'Urgell;6.9306930693069315;734
El Vilosell;23.38;ERC;JxCat;Garrigues;7.758620689655173;173
Vilanova de la Barca;40.9;JxCat;ERC;Segrià;15.024630541871922;1088
Vinaixa;30.81;ERC;JxCat;Garrigues;11.24031007751938;450
Vall de Cardós;29.7;JxCat;ERC;Pallars Sobirà;6.372549019607843;350
Sant Martí de Riucorb;38.76;ERC;JxCat;Urgell;7.570977917981073;639
La Guingueta d'Àneu;29.65;JxCat;ERC;Pallars Sobirà;5.660377358490567;289
Castell de Mur;29.33;JxCat;ERC;Pallars Jussà;17.92452830188679;173
Ribera d'Ondara;37.4;JxCat;ERC;Segarra;3.255813953488372;433
Les Valls d'Aguilar;42.18;ERC;JxCat;Alt Urgell;15.702479338842975;245
Torrefeta i Florejacs;40.12;ERC;JxCat;Segarra;5.208333333333334;607
Fígols i Alinyà;41.28;JxCat;ERC;Alt Urgell;8.870967741935484;244
La Vansa i Fórnols;31.3;JxCat;ERC;Alt Urgell;6.976744186046512;149
Josa i Tuixén;34.41;JxCat;ERC;Alt Urgell;5;103
Els Plans de Sió;35.56;JxCat;ERC;Segarra;7.547169811320755;491
Gimenells i el Pla de la Font;35.81;PP;PSC;Segrià;18.59582542694497;1120
Riu de Cerdanya;18.18;JxCat;ERC;Cerdanya;2.7777777777777777;93
Aiguamúrcia;45.33;ERC;JxCat;Alt Camp;16.120906801007557;930
Albinyana;56.08;PSC;ERC;Baix Penedès;26.360338573155985;2468
L'Albiol;46.78;ERC;PSC;Baix Camp;19.680851063829788;500
Alcanar;53.91;ERC;JxCat;Montsià;11.377037807839056;9434
Alcover;50.42;ERC;JxCat;Alt Camp;14.651810584958216;5144
Aldover;47.81;ERC;JxCat;Baix Ebre;12.931034482758621;905
L'Aleixar;38.05;JxCat;ERC;Baix Camp;6.585365853658537;893
Alfara de Carles;61.46;ERC;PSC;Baix Ebre;16.101694915254235;376
Alforja;43.54;ERC;JxCat;Baix Camp;14.847715736040609;1783
Alió;42.12;JxCat;ERC;Alt Camp;10.945273631840797;458
Almoster;32.45;JxCat;ERC;Baix Camp;8.641975308641975;1341
Altafulla;34.96;ERC;PSC;Tarragonès;21.00082034454471;5307
L'Ametlla de Mar;46.91;ERC;JxCat;Baix Ebre;13.603411513859276;6866
Amposta;53.94;ERC;JxCat;Montsià;15.182029434546862;21115
Arbolí;18.92;ERC;JxCat;Baix Camp;0;127
L'Arboç;45.88;PSC;ERC;Baix Penedès;31.500824628916984;5609
L'Argentera;15.52;ERC;JxCat;Baix Camp;7.216494845360824;117
Arnes;21.28;JxCat;ERC;Terra Alta;7.473309608540925;444
Ascó;45.88;ERC;JxCat;Ribera d'Ebre;14.534883720930234;1644
Banyeres del Penedès;48.96;PSC;ERC;Baix Penedès;26.27118644067797;3207
Barberà de la Conca;37.72;JxCat;ERC;Conca de Barberà;7.425742574257425;471
Batea;37.41;PSC;ERC;Terra Alta;34.54545454545455;1901
Bellmunt del Priorat;27.75;ERC;CUP-G;Priorat;13.60544217687075;273
Bellvei;53.34;PSC;ERC;Baix Penedès;22.641509433962266;2237
Benifallet;34.84;ERC;PSC;Baix Ebre;30.270270270270274;723
Benissanet;34.29;ERC;JxCat;Ribera d'Ebre;9.51417004048583;1140
La Bisbal de Falset;24.26;JxCat;ERC;Priorat;6.25;211
La Bisbal del Penedès;59.5;ERC;PSC;Baix Penedès;21.198957428323197;3631
Blancafort;29.58;ERC;JxCat;Conca de Barberà;5.633802816901409;382
Bonastre;40.99;ERC;JxCat;Baix Penedès;13.559322033898304;685
Les Borges del Camp;38.25;JxCat;ERC;Baix Camp;7.545045045045046;2056
Bot;28.63;JxCat;ERC;Terra Alta;16875;554
Botarell;38.59;ERC;JxCat;Baix Camp;13.692946058091287;1077
Bràfim;36.48;ERC;JxCat;Alt Camp;12.751677852348994;695
Cabacés;31.09;ERC;JxCat;Priorat;11.612903225806452;302
Cabra del Camp;57.82;JxCat;ERC;Alt Camp;15.466666666666667;1175
Calafell;55.62;PSC;ERC;Baix Penedès;25.91191899475418;27601
Cambrils;49.97;PSC;ERC;Baix Camp;21.999639054322326;34734
Capafonts;32.04;CUP-G;JxCat;Baix Camp;7.142857142857142;111
Capçanes;23.31;ERC;JxCat;Priorat;4.838709677419355;392
Caseres;46.08;ERC;JxCat;Terra Alta;12.264150943396226;237
Castellvell del Camp;36.67;JxCat;ERC;Baix Camp;11.629576453697057;2828
El Catllar;42.99;ERC;PSC;Tarragonès;20.205128205128204;4557
La Sénia;49.01;ERC;PSC;Montsià;20.616966580976865;5640
Colldejou;28.87;JxCat;ERC;Baix Camp;4;168
Conesa;31.46;ERC;JxCat;Conca de Barberà;8.333333333333332;100
Constantí;58.04;PSC;ERC;Tarragonès;30.263157894736842;6665
Corbera d'Ebre;39.71;ERC;JxCat;Terra Alta;12.045454545454545;1003
Cornudella de Montsant;31.61;ERC;JxCat;Priorat;7.862903225806452;944
Creixell;55.27;PSC;ERC;Tarragonès;24.612876935615322;3758
Cunit;55.67;PSC;ERC;Baix Penedès;31.419573643410853;13533
Xerta;43.18;ERC;JxCat;Baix Ebre;12.127236580516898;1154
Duesaigües;30.17;ERC;JxCat;Baix Camp;12.096774193548388;244
L'Espluga de Francolí;45.62;ERC;JxCat;Conca de Barberà;9.072715143428953;3736
Falset;30.31;ERC;JxCat;Priorat;13.157894736842104;2735
La Fatarella;35.9;ERC;JxCat;Terra Alta;6.326530612244897;926
La Febró;28.21;JxCat;ERC;Baix Camp;7.142857142857142;40
La Figuera;22.22;ERC;JxCat;Priorat;12.987012987012985;114
Figuerola del Camp;39.16;JxCat;ERC;Alt Camp;7.5;329
Flix;37.58;ERC;JxCat;Ribera d'Ebre;12.160493827160494;3410
Forès;37.5;PDeCAT;JxCat;Conca de Barberà;4;43
Freginals;31.44;JxCat;PSC;Montsià;19.2090395480226;385
La Galera;49.72;ERC;PSC;Montsià;16.988416988416986;736
Gandesa;39.33;ERC;JxCat;Terra Alta;9.661436829066886;3096
Garcia;33.25;JxCat;ERC;Ribera d'Ebre;9.387755102040817;527
Els Garidells;34.15;ERC;JxCat;Alt Camp;12.037037037037036;190
Ginestar;27.34;ERC;JxCat;Ribera d'Ebre;8.222811671087534;764
Godall;51.72;ERC;PSC;Montsià;21.982758620689655;598
Gratallops;27.6;ERC;JxCat;Priorat;11.627906976744185;237
Els Guiamets;28.34;ERC;CUP-G;Priorat;10.734463276836157;278
Horta de Sant Joan;44.47;JxCat;ERC;Terra Alta;13.31923890063425;1146
El Lloar;24.18;ERC;JxCat;Priorat;14.925373134328357;105
Llorac;30;JxCat;ERC;Conca de Barberà;3.6363636363636362;91
Llorenç del Penedès;42.51;ERC;JxCat;Baix Penedès;12.158341187558905;2395
Margalef;35.29;JxCat;ERC;Priorat;9.433962264150944;106
Marçà;31.52;ERC;JxCat;Priorat;11.538461538461538;600
Mas de Barberans;47.95;PSC;ERC;Montsià;38.73873873873874;564
Masdenverge;44.06;JxCat;ERC;Montsià;15.856236786469344;1071
Masllorenç;31.37;JxCat;ERC;Baix Penedès;14.112903225806454;505
La Masó;28.33;JxCat;ERC;Alt Camp;9.815950920245399;280
Maspujols;33.91;ERC;JxCat;Baix Camp;11.463414634146343;823
El Masroig;28.7;JxCat;ERC;Priorat;9.663865546218489;492
El Milà;38.93;JxCat;ERC;Alt Camp;13.333333333333334;190
Miravet;33.4;ERC;JxCat;Ribera d'Ebre;11.246200607902736;706
El Molar;28.26;ERC;JxCat;Priorat;8.280254777070063;291
Montblanc;45.69;JxCat;ERC;Conca de Barberà;13.855421686746988;7379
Montbrió del Camp;45.76;ERC;JxCat;Baix Camp;10.091743119266056;2909
Montferri;49.83;JxCat;ERC;Alt Camp;21.52777777777778;403
El Montmell;67.46;PSC;ERC;Baix Penedès;25.552825552825553;1582
Mont-ral;40.63;ERC;CUP-G;Alt Camp;7.894736842105263;168
Mont-roig del Camp;53.74;ERC;PSC;Baix Camp;20.998278829604132;12460
Móra d'Ebre;47.87;ERC;JxCat;Ribera d'Ebre;16.427840327533268;5695
Móra la Nova;45.2;ERC;JxCat;Ribera d'Ebre;13.157894736842104;3108
El Morell;45.92;ERC;JxCat;Tarragonès;17.81317885590152;3742
La Morera de Montsant;29.41;ERC;JxCat;Priorat;4.285714285714286;159
La Nou de Gaià;29.34;ERC;JxCat;Tarragonès;13.120567375886525;600
Nulles;32.68;JxCat;ERC;Alt Camp;3.79746835443038;509
La Palma d'Ebre;29.2;JxCat;ERC;Ribera d'Ebre;11.917098445595855;338
Els Pallaresos;45.51;ERC;PSC;Tarragonès;23.754588358678554;4850
Passanant i Belltall;34.97;JxCat;CUP-G;Conca de Barberà;7.6923076923076925;155
Paüls;43.08;ERC;PSC;Baix Ebre;18.725099601593627;545
Perafort;45.07;ERC;JxCat;Tarragonès;15.524193548387096;1264
El Perelló;40.36;ERC;JxCat;Baix Ebre;11.976630963972736;2826
Les Piles;27.5;JxCat;ERC;Conca de Barberà;7.142857142857142;210
El Pinell de Brai;43.11;ERC;JxCat;Terra Alta;13.211845102505695;1008
Pira;39.47;ERC;JxCat;Conca de Barberà;8.796296296296296;503
El Pla de Santa Maria;46.37;JxCat;ERC;Alt Camp;10.105263157894736;2348
La Pobla de Mafumet;56.98;VOX;PSC;Tarragonès;21.232876712328768;3971
La Pobla de Massaluca;41.04;ERC;JxCat;Terra Alta;16.3265306122449;317
La Pobla de Montornès;56.07;ERC;PSC;Tarragonès;21.02510460251046;2884
Poboleda;31.78;JxCat;ERC;Priorat;7.471264367816093;321
El Pont d'Armentera;39.74;JxCat;ERC;Alt Camp;8.695652173913043;488
Porrera;27.69;ERC;JxCat;Priorat;7.865168539325842;424
Pradell de la Teixeta;27.61;JxCat;ERC;Priorat;7.608695652173914;158
Prades;31.69;ERC;JxCat;Baix Camp;8.253968253968253;588
Prat de Comte;32.65;JxCat;ERC;Terra Alta;6.122448979591836;177
Pratdip;33.57;JxCat;ERC;Baix Camp;9.9644128113879;726
Puigpelat;48;ERC;PSC;Alt Camp;19.36936936936937;1163
Querol;49.53;JxCat;PSC;Alt Camp;18.7192118226601;518
Rasquera;42.36;ERC;JxCat;Ribera d'Ebre;7.894736842105263;783
Renau;31.58;ERC;JxCat;Tarragonès;13.333333333333334;162
Reus;53.3;ERC;PSC;Baix Camp;20.820170109356013;106168
La Riba;42.73;ERC;JxCat;Alt Camp;13.513513513513514;585
Riba-roja d'Ebre;39.34;ERC;PSC;Ribera d'Ebre;24.509803921568626;1110
La Riera de Gaià;40.34;ERC;JxCat;Tarragonès;14.425770308123248;1742
Riudecanyes;37.3;ERC;JxCat;Baix Camp;6.944444444444445;1146
Riudecols;45.25;ERC;JxCat;Baix Camp;20.66115702479339;1189
Riudoms;45.36;JxCat;ERC;Baix Camp;11.419380780056294;6569
Rocafort de Queralt;30.51;ERC;JxCat;Conca de Barberà;5;211
Roda de Berà;56.66;PSC;ERC;Tarragonès;27.83696155627605;6785
Rodonyà;36.53;JxCat;ERC;Alt Camp;7.053941908713693;494
Roquetes;54.34;ERC;JxCat;Baix Ebre;14.46215139442231;8079
El Rourell;38.91;ERC;JxCat;Alt Camp;14.942528735632186;372
Salomó;32.73;JxCat;ERC;Tarragonès;8.144796380090497;549
Sant Carles de la Ràpita;52.86;ERC;JxCat;Montsià;13.595597227884223;14953
Sant Jaume dels Domenys;48.03;ERC;JxCat;Baix Penedès;18.06122448979592;2624
Santa Bàrbara;55.64;ERC;JxCat;Montsià;15.2;3715
Santa Coloma de Queralt;42.32;JxCat;ERC;Conca de Barberà;7.048458149779736;2672
Santa Oliva;53.62;PSC;ERC;Baix Penedès;27.954144620811288;3353
Pontils;36.28;ERC;JxCat;Conca de Barberà;19.11764705882353;122
Sarral;44.38;JxCat;ERC;Conca de Barberà;7.993197278911565;1538
Savallà del Comtat;29.41;JxCat;ERC;Conca de Barberà;11.11111111111111;53
La Secuita;40.54;JxCat;ERC;Tarragonès;16.027397260273972;1708
La Selva del Camp;39.77;JxCat;ERC;Baix Camp;17.637732857709075;5683
Senan;18.92;ERC;JxCat;Conca de Barberà;6.896551724137931;44
Solivella;29.25;JxCat;ERC;Conca de Barberà;3.296703296703297;632
Tarragona;47.59;PSC;ERC;Tarragonès;24.491878561102133;136496
Tivenys;37.89;ERC;PSC;Baix Ebre;26.150121065375302;902
Tivissa;31.58;ERC;JxCat;Ribera d'Ebre;6.427688504326329;1619
La Torre de Fontaubella;21.7;JxCat;CUP-G;Priorat;10.975609756097562;131
La Torre de l'Espanyol;31.38;ERC;JxCat;Ribera d'Ebre;17.921146953405017;601
Torredembarra;52.64;ERC;PSC;Tarragonès;20.96623764223093;16567
Torroja del Priorat;18.18;ERC;CUP-G;Priorat;5.1020408163265305;152
Tortosa;51.1;ERC;JxCat;Baix Ebre;16.964203126445287;33439
Ulldecona;50.06;ERC;PSC;Montsià;19.152196118488256;6525
Ulldemolins;22.64;JxCat;ERC;Priorat;7.142857142857142;398
Vallclara;28.38;JxCat;ERC;Conca de Barberà;8;88
Vallfogona de Riucorb;22.37;JxCat;ERC;Conca de Barberà;8.771929824561402;77
Vallmoll;42.98;ERC;PSC;Alt Camp;22.933333333333334;1774
Valls;49.67;JxCat;ERC;Alt Camp;15.21508544490277;24477
Vandellòs i l'Hospitalet de l'Infant;44.48;PSC;ERC;Baix Camp;22.55301794453507;6603
El Vendrell;56.23;PSC;ERC;Baix Penedès;25.35952297439495;38373
Vespella de Gaià;43.57;PSC;ERC;Tarragonès;33.33333333333333;417
Vilabella;28.37;ERC;JxCat;Alt Camp;7.37913486005089;729
Vilallonga del Camp;47.82;ERC;PSC;Tarragonès;19.258373205741627;2405
Vilanova d'Escornalbou;32.37;ERC;JxCat;Baix Camp;5.776173285198556;565
Vilanova de Prades;35.37;ERC;JxCat;Conca de Barberà;8;107
Vilaplana;18.2;ERC;JxCat;Baix Camp;8.757062146892656;555
Vila-rodona;36.15;ERC;JxCat;Alt Camp;15.535714285714286;1276
Vila-seca;50.51;PSC;VOX;Tarragonès;28.778751369112815;22555
Vilaverd;48.09;ERC;JxCat;Conca de Barberà;11.834319526627219;443
La Vilella Alta;28.87;CUP-G;ERC;Priorat;1.4705882352941175;133
La Vilella Baixa;19.73;ERC;CUP-G;Priorat;5.982905982905983;204
Vilalba dels Arcs;40.11;ERC;JxCat;Terra Alta;14.012738853503185;621
Vimbodí i Poblet;35.78;ERC;JxCat;Conca de Barberà;9.565217391304348;890
Vinebre;23.69;ERC;JxCat;Ribera d'Ebre;10.69767441860465;425
Vinyols i els Arcs;40.94;ERC;JxCat;Baix Camp;17.18213058419244;2124
Deltebre;58.15;ERC;JxCat;Baix Ebre;12.15267175572519;11578
Sant Jaume d'Enveja;53.18;ERC;PSC;Montsià;23.654015887025594;3527
Camarles;55.44;ERC;JxCat;Baix Ebre;12.43680485338726;3194
L'Aldea;58.33;ERC;JxCat;Baix Ebre;14.834205933682373;4147
Salou;54.08;PSC;VOX;Tarragonès;25.968436154949785;28526
L'Ampolla;43.33;JxCat;ERC;Baix Ebre;13.529411764705882;3277
La Canonja;52.95;PSC;VOX;Tarragonès;37.4079528718704;5956